timestamp,interface ,inbound_mbps,outbound_mbps,status
2026-01-26 11:17:23,OpenVPN Wintun,0.00000000,0.00000000,NORMAL
2026-01-26 11:17:23,Ethernet 3,0.00000000,0.00000000,NORMAL
2026-01-26 11:17:23,Ethernet 4,0.00000000,0.00000000,NORMAL
2026-01-26 11:17:23,Ethernet 5,0.00000000,0.00000000,NORMAL
2026-01-26 11:17:23,Ethernet 6,0.00000000,0.00000000,NORMAL
2026-01-26 11:17:23,OpenVPN TAP-Windows6,0.00000000,0.00000000,NORMAL
2026-01-26 11:17:23,OpenVPN Data Channel Offload,0.00000000,0.00000000,NORMAL
2026-01-26 11:17:23,Local Area Connection* 1,0.00000000,0.00000000,NORMAL
2026-01-26 11:17:23,Local Area Connection* 2,0.00000000,0.00000000,NORMAL
2026-01-26 11:17:23,Wi-Fi,0.00000000,0.00000000,NORMAL
2026-01-26 11:17:23,Loopback Pseudo-Interface 1,0.00000000,0.00000000,NORMAL
2026-01-26 11:17:28,OpenVPN Wintun,0.00000000,0.00000000,NORMAL
2026-01-26 11:17:28,Ethernet 3,0.00000000,0.00000000,NORMAL
2026-01-26 11:17:28,Ethernet 4,0.00000000,0.00000000,NORMAL
2026-01-26 11:17:28,Ethernet 5,0.00000000,0.00000000,NORMAL
2026-01-26 11:17:28,Ethernet 6,0.00000000,0.00000000,NORMAL
2026-01-26 11:17:28,OpenVPN TAP-Windows6,0.00000000,0.00000000,NORMAL
2026-01-26 11:17:28,OpenVPN Data Channel Offload,0.00000000,0.00000000,NORMAL
2026-01-26 11:17:28,Local Area Connection* 1,0.00000000,0.00000000,NORMAL
2026-01-26 11:17:28,Local Area Connection* 2,0.00000000,0.00000000,NORMAL
2026-01-26 11:17:28,Wi-Fi,2.85687166,0.11920917,NORMAL
2026-01-26 11:17:28,Loopback Pseudo-Interface 1,0.00000000,0.00000000,NORMAL
2026-01-26 11:17:33,Wi-Fi,3.26187464,0.06298819,NORMAL
2026-01-26 11:17:38,Wi-Fi,4.99215734,0.11034079,NORMAL
2026-01-26 11:17:44,Wi-Fi,4.73286427,0.06847175,NORMAL
2026-01-26 11:17:49,Wi-Fi,4.74220329,0.07206127,NORMAL
2026-01-26 11:17:54,Wi-Fi,2.70021991,0.06630922,NORMAL
2026-01-26 11:17:59,Wi-Fi,2.30717862,0.06093999,NORMAL
2026-01-26 11:18:04,Wi-Fi,3.44104901,0.07211018,NORMAL
2026-01-26 11:18:09,Wi-Fi,3.96741627,0.06071183,NORMAL
2026-01-26 11:18:14,Wi-Fi,2.93684350,0.04973474,NORMAL
2026-01-26 11:18:19,Wi-Fi,2.89434071,0.06502102,NORMAL
2026-01-26 11:18:24,Wi-Fi,2.86628859,0.05786695,NORMAL
2026-01-26 11:18:29,Wi-Fi,2.84416296,0.06488244,NORMAL
2026-01-26 11:18:34,Wi-Fi,3.74761594,0.06085218,NORMAL
2026-01-26 11:18:39,Wi-Fi,4.27361315,0.06175210,NORMAL
2026-01-26 11:18:44,Wi-Fi,7.09214630,0.08700906,NORMAL
2026-01-26 11:18:49,Wi-Fi,2.07466779,0.04286493,NORMAL
2026-01-26 11:18:54,Wi-Fi,0.03665782,0.02311847,NORMAL
2026-01-26 11:18:59,Wi-Fi,0.00161461,0.00177228,NORMAL
2026-01-26 11:19:04,Wi-Fi,0.05057304,0.00940577,NORMAL
2026-01-26 11:44:19,OpenVPN Wintun,0.00000000,0.00000000,NORMAL
2026-01-26 11:44:19,Ethernet 3,0.00000000,0.00000000,NORMAL
2026-01-26 11:44:19,Ethernet 4,0.00000000,0.00000000,NORMAL
2026-01-26 11:44:19,Ethernet 5,0.00000000,0.00000000,NORMAL
2026-01-26 11:44:19,Ethernet 6,0.00000000,0.00000000,NORMAL
2026-01-26 11:44:19,OpenVPN TAP-Windows6,0.00000000,0.00000000,NORMAL
2026-01-26 11:44:19,OpenVPN Data Channel Offload,0.00000000,0.00000000,NORMAL
2026-01-26 11:44:19,Local Area Connection* 1,0.00000000,0.00000000,NORMAL
2026-01-26 11:44:19,Local Area Connection* 2,0.00000000,0.00000000,NORMAL
2026-01-26 11:44:19,Wi-Fi,0.00000000,0.00000000,NORMAL
2026-01-26 11:44:19,Loopback Pseudo-Interface 1,0.00000000,0.00000000,NORMAL
2026-01-26 11:44:24,OpenVPN Wintun,0.00000000,0.00000000,NORMAL
2026-01-26 11:44:24,Ethernet 3,0.00000000,0.00000000,NORMAL
2026-01-26 11:44:24,Ethernet 4,0.00000000,0.00000000,NORMAL
2026-01-26 11:44:24,Ethernet 5,0.00000000,0.00000000,NORMAL
2026-01-26 11:44:24,Ethernet 6,0.00000000,0.00000000,NORMAL
2026-01-26 11:44:24,OpenVPN TAP-Windows6,0.00000000,0.00000000,NORMAL
2026-01-26 11:44:24,OpenVPN Data Channel Offload,0.00000000,0.00000000,NORMAL
2026-01-26 11:44:24,Local Area Connection* 1,0.00000000,0.00000000,NORMAL
2026-01-26 11:44:24,Local Area Connection* 2,0.00000000,0.00000000,NORMAL
2026-01-26 11:44:24,Wi-Fi,0.00036189,0.00031172,NORMAL
2026-01-26 11:44:24,Loopback Pseudo-Interface 1,0.00000000,0.00000000,NORMAL
2026-01-26 11:44:29,Wi-Fi,0.00060337,0.00076558,NORMAL
2026-01-26 11:44:34,Wi-Fi,0.01122965,0.00293423,NORMAL
2026-01-26 11:44:39,Wi-Fi,0.00089769,0.00090986,NORMAL
2026-01-26 11:44:44,Wi-Fi,0.00286497,0.00149925,NORMAL
2026-01-26 11:44:49,Wi-Fi,0.06120411,0.01815993,NORMAL
2026-01-26 11:44:54,Wi-Fi,0.00032494,0.00029154,NORMAL
2026-01-26 11:44:59,Wi-Fi,0.00144391,0.00203605,NORMAL
2026-01-26 11:45:04,Wi-Fi,0.00907368,0.00492098,NORMAL
2026-01-26 11:45:09,Wi-Fi,0.01839727,0.01989407,NORMAL
2026-01-26 11:45:14,Wi-Fi,0.00053147,0.00048439,NORMAL
2026-01-26 11:45:19,Wi-Fi,0.03276636,0.00729206,NORMAL
2026-01-26 11:45:24,Wi-Fi,0.00039264,0.00049004,NORMAL
2026-01-26 11:45:29,Wi-Fi,0.00110662,0.00283713,NORMAL
2026-01-26 11:45:34,Wi-Fi,0.18316095,0.02355500,NORMAL
2026-01-26 11:45:39,Wi-Fi,0.38533537,0.05634244,NORMAL
2026-01-26 11:45:44,Wi-Fi,0.03809464,0.02172609,NORMAL
2026-01-26 11:45:49,Wi-Fi,0.05854521,0.01036018,NORMAL
2026-01-26 11:45:54,Wi-Fi,0.03866413,0.01602591,NORMAL
2026-01-26 11:45:59,Wi-Fi,0.01847231,0.00668793,NORMAL
2026-01-26 11:46:04,Wi-Fi,0.04808227,0.01301477,NORMAL
2026-01-26 11:46:09,Wi-Fi,0.02508987,0.03587129,NORMAL
2026-01-26 11:46:14,Wi-Fi,0.19954453,0.01577778,NORMAL
2026-01-26 11:46:19,Wi-Fi,0.03372478,0.00803274,NORMAL
2026-01-26 11:46:24,Wi-Fi,0.00982973,0.01053120,NORMAL
2026-01-26 11:46:29,Wi-Fi,0.01398608,0.37009208,NORMAL
2026-01-26 11:46:34,Wi-Fi,0.01764204,0.01052093,NORMAL
2026-01-26 11:46:39,Wi-Fi,0.08095635,0.01507485,NORMAL
2026-01-26 11:46:45,Wi-Fi,0.09446416,0.01968858,NORMAL
2026-01-26 11:46:50,Wi-Fi,0.13494812,0.01660244,NORMAL
2026-01-26 11:46:55,Wi-Fi,0.02309680,0.00333629,NORMAL
2026-01-26 11:47:00,Wi-Fi,0.07020828,0.01053733,NORMAL
2026-01-26 11:47:05,Wi-Fi,0.15870923,0.02285950,NORMAL
2026-01-26 11:47:10,Wi-Fi,0.13906543,0.01877741,NORMAL
2026-01-26 11:47:15,Wi-Fi,0.14301520,0.02354956,NORMAL
2026-01-26 11:47:20,Wi-Fi,0.10749321,0.02045402,NORMAL
2026-01-26 11:47:25,Wi-Fi,0.06064967,0.00758007,NORMAL
2026-01-26 11:47:30,Wi-Fi,0.04400820,0.00851184,NORMAL
2026-01-26 11:47:35,Wi-Fi,0.06555807,0.00924954,NORMAL
2026-01-26 11:47:40,Wi-Fi,0.03533540,0.00533356,NORMAL
2026-01-26 11:47:45,Wi-Fi,0.04197582,0.01393560,NORMAL
2026-01-26 11:47:50,Wi-Fi,0.08732140,0.01603689,NORMAL
2026-01-26 11:47:55,Wi-Fi,0.08983703,0.01185922,NORMAL
2026-01-26 11:48:00,Wi-Fi,0.05213974,0.01201462,NORMAL
2026-01-26 11:48:05,Wi-Fi,0.05678403,0.01323867,NORMAL
2026-01-26 11:48:10,Wi-Fi,0.00402580,0.00406385,NORMAL
2026-01-26 11:48:15,Wi-Fi,0.05566057,0.01592321,NORMAL
2026-01-26 11:48:20,Wi-Fi,0.11358179,0.01996400,NORMAL
2026-01-26 11:48:25,Wi-Fi,0.12632177,0.01444207,NORMAL
2026-01-26 11:48:30,Wi-Fi,0.15481948,0.01381853,NORMAL
2026-01-26 11:48:35,Wi-Fi,0.04699611,0.01161148,NORMAL
2026-01-26 11:48:40,Wi-Fi,0.15207679,0.01308026,NORMAL
2026-01-26 11:48:45,Wi-Fi,0.14750303,0.03571612,NORMAL
2026-01-26 11:48:50,Wi-Fi,0.22397586,0.02353023,NORMAL
2026-01-26 11:48:55,Wi-Fi,0.12203117,0.01149073,NORMAL
2026-01-26 11:49:00,Wi-Fi,0.04423298,0.00573591,NORMAL
2026-01-26 11:49:05,Wi-Fi,0.15234890,0.01902649,NORMAL
2026-01-26 11:49:10,Wi-Fi,0.13676544,0.02204770,NORMAL
2026-01-26 11:49:15,Wi-Fi,0.23327633,0.01774970,NORMAL
2026-01-26 11:49:20,Wi-Fi,0.14931940,0.01599645,NORMAL
2026-01-26 11:49:25,Wi-Fi,0.18281360,0.01558461,NORMAL
2026-01-26 11:49:30,Wi-Fi,0.13814561,0.01296209,NORMAL
2026-01-26 11:49:35,Wi-Fi,0.15523423,0.01672670,NORMAL
2026-01-26 11:49:40,Wi-Fi,0.25436311,0.02136663,NORMAL
2026-01-26 11:49:45,Wi-Fi,0.21500413,0.02282084,NORMAL
2026-01-26 11:49:50,Wi-Fi,0.38878884,0.03276908,NORMAL
2026-01-26 11:49:55,Wi-Fi,0.24042275,0.02682695,NORMAL
2026-01-26 11:50:00,Wi-Fi,0.17949515,0.01510984,NORMAL
2026-01-26 11:50:05,Wi-Fi,0.02331267,0.01116373,NORMAL
2026-01-26 11:50:10,Wi-Fi,0.32008237,0.02359204,NORMAL
2026-01-26 11:50:15,Wi-Fi,0.33640819,0.02463145,NORMAL
2026-01-26 11:50:20,Wi-Fi,0.15872929,0.01555512,NORMAL
2026-01-26 11:50:25,Wi-Fi,0.01309434,0.07634155,NORMAL
2026-01-26 11:50:30,Wi-Fi,0.00357762,0.00490632,NORMAL
2026-01-26 11:50:36,Wi-Fi,0.01025827,0.01039177,NORMAL
2026-01-26 11:50:41,Wi-Fi,0.07568248,0.00993241,NORMAL
2026-01-26 11:50:46,Wi-Fi,0.01423000,0.00868537,NORMAL
2026-01-26 11:50:51,Wi-Fi,0.09254728,0.02050055,NORMAL
2026-01-26 11:50:56,Wi-Fi,0.03733379,0.00938101,NORMAL
2026-01-26 11:51:01,Wi-Fi,0.05815748,0.01187325,NORMAL
2026-01-26 11:51:06,Wi-Fi,0.13311565,0.04866104,NORMAL
2026-01-26 11:51:11,Wi-Fi,0.37817454,0.07320459,NORMAL
2026-01-26 11:51:16,Wi-Fi,0.01388804,0.01174592,NORMAL
2026-01-26 11:51:21,Wi-Fi,0.05168608,0.01576861,NORMAL
2026-01-26 11:51:26,Wi-Fi,0.01785782,0.00734439,NORMAL
2026-01-26 11:51:31,Wi-Fi,0.01866888,0.00808747,NORMAL
2026-01-26 11:51:36,Wi-Fi,0.01855038,0.00784029,NORMAL
2026-01-26 11:51:41,Wi-Fi,0.01825661,0.00817814,NORMAL
2026-01-26 11:51:46,Wi-Fi,0.04599593,0.01480660,NORMAL
2026-01-26 11:51:51,Wi-Fi,0.04285054,0.00962255,NORMAL
2026-01-26 11:51:56,Wi-Fi,0.03027746,0.00960391,NORMAL
2026-01-26 11:52:01,Wi-Fi,0.01910608,0.00944823,NORMAL
2026-01-26 11:52:06,Wi-Fi,0.03400826,0.02041287,NORMAL
2026-01-26 11:52:11,Wi-Fi,0.02247024,0.01327407,NORMAL
2026-01-26 11:52:16,Wi-Fi,0.01891595,0.01118058,NORMAL
2026-01-26 11:52:21,Wi-Fi,0.05074228,0.01246765,NORMAL
2026-01-26 11:52:26,Wi-Fi,0.01640299,0.00764550,NORMAL
2026-01-26 11:52:31,Wi-Fi,0.01836296,0.00862205,NORMAL
2026-01-26 11:52:36,Wi-Fi,0.01817022,0.00876015,NORMAL
2026-01-26 11:52:41,Wi-Fi,0.01880369,0.00916202,NORMAL
2026-01-26 11:52:46,Wi-Fi,0.04391739,0.01345237,NORMAL
2026-01-26 11:52:51,Wi-Fi,0.07326060,0.03722356,NORMAL
2026-01-26 11:52:56,Wi-Fi,0.01819388,0.00786153,NORMAL
2026-01-26 11:53:01,Wi-Fi,0.01937891,0.00921125,NORMAL
2026-01-26 11:53:06,Wi-Fi,0.02757516,0.01268016,NORMAL
2026-01-26 11:53:11,Wi-Fi,0.01887507,0.00989636,NORMAL
2026-01-26 11:53:16,Wi-Fi,0.02804173,0.01783352,NORMAL
2026-01-26 11:53:21,Wi-Fi,0.05413072,0.01247894,NORMAL
2026-01-26 11:53:26,Wi-Fi,0.01849613,0.00754752,NORMAL
2026-01-26 11:53:31,Wi-Fi,0.01800069,0.00753708,NORMAL
2026-01-26 11:53:36,Wi-Fi,0.01962358,0.00736112,NORMAL
2026-01-26 11:53:41,Wi-Fi,0.01863912,0.00839940,NORMAL
2026-01-26 11:53:46,Wi-Fi,0.01753600,0.01247113,NORMAL
2026-01-26 11:53:51,Wi-Fi,0.07810254,0.03383119,NORMAL
2026-01-26 11:53:56,Wi-Fi,0.02285883,0.00751833,NORMAL
2026-01-26 11:54:01,Wi-Fi,0.04261803,0.02461326,NORMAL
2026-01-26 11:54:06,Wi-Fi,0.02692149,0.01461969,NORMAL
2026-01-26 11:54:11,Wi-Fi,0.01845682,0.00814111,NORMAL
2026-01-26 11:54:16,Wi-Fi,0.02563775,0.01327249,NORMAL
2026-01-26 11:54:21,Wi-Fi,0.04356654,0.00814751,NORMAL
2026-01-26 11:54:26,Wi-Fi,0.01970020,0.01069296,NORMAL
2026-01-26 11:54:31,Wi-Fi,0.01946839,0.00789119,NORMAL
2026-01-26 11:54:36,Wi-Fi,0.02645417,0.01418977,NORMAL
2026-01-26 11:54:41,Wi-Fi,0.01925277,0.00756674,NORMAL
2026-01-26 11:54:46,Wi-Fi,0.13558549,0.04538440,NORMAL
2026-01-26 11:54:51,Wi-Fi,0.16071134,0.01306839,NORMAL
2026-01-26 11:54:56,Wi-Fi,0.02007915,0.00878406,NORMAL
2026-01-26 11:55:01,Wi-Fi,0.04443036,0.03226288,NORMAL
2026-01-26 11:55:06,Wi-Fi,0.04492566,0.02130639,NORMAL
2026-01-26 11:55:11,Wi-Fi,0.01781792,0.00825894,NORMAL
2026-01-26 11:55:16,Wi-Fi,0.05092857,0.02201621,NORMAL
2026-01-26 11:55:21,Wi-Fi,0.01796586,0.00866010,NORMAL
2026-01-26 11:55:26,Wi-Fi,0.01877052,0.00937613,NORMAL
2026-01-26 11:55:31,Wi-Fi,0.01846705,0.00897769,NORMAL
2026-01-26 11:55:36,Wi-Fi,0.01164629,0.00379075,NORMAL
2026-01-26 11:55:41,Wi-Fi,0.00010037,0.00026614,NORMAL
2026-01-26 11:55:47,Wi-Fi,0.05241674,0.01088262,NORMAL
2026-01-26 11:55:52,Wi-Fi,0.00070944,0.00041257,NORMAL
2026-01-26 11:55:57,Wi-Fi,0.00017055,0.00023756,NORMAL
2026-01-26 11:56:02,Wi-Fi,0.01516974,0.01518189,NORMAL
2026-01-26 11:56:07,Wi-Fi,0.05966568,0.14108614,NORMAL
2026-01-26 11:56:12,Wi-Fi,0.15274581,0.81401362,NORMAL
2026-01-26 11:56:17,Wi-Fi,0.09760840,0.22798737,NORMAL
2026-01-26 11:56:22,Wi-Fi,0.00767333,0.08531763,NORMAL
2026-01-26 11:56:27,Wi-Fi,0.01864964,0.26603856,NORMAL
2026-01-26 11:56:32,Wi-Fi,0.01961376,0.26413425,NORMAL
2026-01-26 11:56:37,Wi-Fi,0.59409014,0.50203779,NORMAL
2026-01-26 11:56:42,Wi-Fi,0.68904226,0.20983054,NORMAL
2026-01-26 11:56:47,Wi-Fi,0.05691248,0.01982335,NORMAL
2026-01-26 11:56:52,Wi-Fi,0.00326091,0.00056758,NORMAL
2026-01-26 11:56:57,Wi-Fi,0.00118277,0.00090188,NORMAL
2026-01-26 11:57:02,Wi-Fi,0.00315555,0.00442052,NORMAL
2026-01-26 11:57:07,Wi-Fi,0.00056772,0.00056467,NORMAL
2026-01-26 11:57:12,Wi-Fi,0.00959320,0.00556834,NORMAL
2026-01-26 11:57:17,Wi-Fi,0.03295179,0.01335846,NORMAL
2026-01-26 11:57:22,Wi-Fi,0.04105380,0.01055860,NORMAL
2026-01-26 11:57:27,Wi-Fi,0.00112928,0.00119606,NORMAL
2026-01-26 11:57:32,Wi-Fi,0.00054316,0.00031862,NORMAL
2026-01-26 11:57:37,Wi-Fi,0.00013202,0.00013809,NORMAL
2026-01-26 11:57:42,Wi-Fi,0.00043240,0.00040195,NORMAL
2026-01-26 11:57:47,Wi-Fi,0.05198326,0.00714905,NORMAL
2026-01-26 11:57:52,Wi-Fi,0.00017000,0.00009107,NORMAL
2026-01-26 11:57:57,Wi-Fi,0.00053271,0.00048553,NORMAL
2026-01-26 11:58:02,Wi-Fi,0.00510892,0.00310369,NORMAL
2026-01-26 11:58:07,Wi-Fi,0.00029753,0.00000000,NORMAL
2026-01-26 11:58:10,OpenVPN Wintun,0.00000000,0.00000000,NORMAL
2026-01-26 11:58:10,Ethernet 3,0.00000000,0.00000000,NORMAL
2026-01-26 11:58:10,Ethernet 4,0.00000000,0.00000000,NORMAL
2026-01-26 11:58:10,Ethernet 5,0.00000000,0.00000000,NORMAL
2026-01-26 11:58:10,Ethernet 6,0.00000000,0.00000000,NORMAL
2026-01-26 11:58:10,OpenVPN TAP-Windows6,0.00000000,0.00000000,NORMAL
2026-01-26 11:58:10,OpenVPN Data Channel Offload,0.00000000,0.00000000,NORMAL
2026-01-26 11:58:10,Local Area Connection* 1,0.00000000,0.00000000,NORMAL
2026-01-26 11:58:10,Local Area Connection* 2,0.00000000,0.00000000,NORMAL
2026-01-26 11:58:10,Wi-Fi,0.00000000,0.00000000,NORMAL
2026-01-26 11:58:10,Loopback Pseudo-Interface 1,0.00000000,0.00000000,NORMAL
2026-01-26 11:58:15,OpenVPN Wintun,0.00000000,0.00000000,NORMAL
2026-01-26 11:58:15,Ethernet 3,0.00000000,0.00000000,NORMAL
2026-01-26 11:58:15,Ethernet 4,0.00000000,0.00000000,NORMAL
2026-01-26 11:58:15,Ethernet 5,0.00000000,0.00000000,NORMAL
2026-01-26 11:58:15,Ethernet 6,0.00000000,0.00000000,NORMAL
2026-01-26 11:58:15,OpenVPN TAP-Windows6,0.00000000,0.00000000,NORMAL
2026-01-26 11:58:15,OpenVPN Data Channel Offload,0.00000000,0.00000000,NORMAL
2026-01-26 11:58:15,Local Area Connection* 1,0.00000000,0.00000000,NORMAL
2026-01-26 11:58:15,Local Area Connection* 2,0.00000000,0.00000000,NORMAL
2026-01-26 11:58:15,Wi-Fi,0.00074933,0.00049146,NORMAL
2026-01-26 11:58:15,Loopback Pseudo-Interface 1,0.00000000,0.00000000,NORMAL
2026-01-26 11:58:20,Wi-Fi,0.04290741,0.01023699,NORMAL
2026-01-26 11:58:25,Wi-Fi,0.00026184,0.00037601,NORMAL
2026-01-26 11:59:01,OpenVPN Wintun,0.00000000,0.00000000,NORMAL
2026-01-26 11:59:01,Ethernet 3,0.00000000,0.00000000,NORMAL
2026-01-26 11:59:01,Ethernet 4,0.00000000,0.00000000,NORMAL
2026-01-26 11:59:01,Ethernet 5,0.00000000,0.00000000,NORMAL
2026-01-26 11:59:01,Ethernet 6,0.00000000,0.00000000,NORMAL
2026-01-26 11:59:01,OpenVPN TAP-Windows6,0.00000000,0.00000000,NORMAL
2026-01-26 11:59:01,OpenVPN Data Channel Offload,0.00000000,0.00000000,NORMAL
2026-01-26 11:59:01,Local Area Connection* 1,0.00000000,0.00000000,NORMAL
2026-01-26 11:59:01,Local Area Connection* 2,0.00000000,0.00000000,NORMAL
2026-01-26 11:59:01,Wi-Fi,0.00000000,0.00000000,NORMAL
2026-01-26 11:59:01,Loopback Pseudo-Interface 1,0.00000000,0.00000000,NORMAL
2026-01-26 11:59:06,OpenVPN Wintun,0.00000000,0.00000000,NORMAL
2026-01-26 11:59:06,Ethernet 3,0.00000000,0.00000000,NORMAL
2026-01-26 11:59:06,Ethernet 4,0.00000000,0.00000000,NORMAL
2026-01-26 11:59:06,Ethernet 5,0.00000000,0.00000000,NORMAL
2026-01-26 11:59:06,Ethernet 6,0.00000000,0.00000000,NORMAL
2026-01-26 11:59:06,OpenVPN TAP-Windows6,0.00000000,0.00000000,NORMAL
2026-01-26 11:59:06,OpenVPN Data Channel Offload,0.00000000,0.00000000,NORMAL
2026-01-26 11:59:06,Local Area Connection* 1,0.00000000,0.00000000,NORMAL
2026-01-26 11:59:06,Local Area Connection* 2,0.00000000,0.00000000,NORMAL
2026-01-26 11:59:06,Wi-Fi,0.04815843,0.01780627,NORMAL
2026-01-26 11:59:06,Loopback Pseudo-Interface 1,0.00000000,0.00000000,NORMAL
2026-01-26 11:59:11,Wi-Fi,0.02722879,0.02271976,NORMAL
2026-01-26 11:59:16,Wi-Fi,0.00752773,0.01109581,NORMAL
2026-01-26 11:59:21,Wi-Fi,0.04155400,0.20069382,NORMAL
2026-01-26 11:59:26,Wi-Fi,0.00087279,0.00062082,NORMAL
2026-01-26 11:59:31,Wi-Fi,0.00851694,0.00500648,NORMAL
2026-01-26 11:59:36,Wi-Fi,0.00630819,0.00457397,NORMAL
2026-01-26 11:59:41,Wi-Fi,0.00783237,0.00824468,NORMAL
2026-01-26 11:59:46,Wi-Fi,0.03352914,0.01181761,NORMAL
2026-01-26 11:59:51,Wi-Fi,0.02444220,0.00144010,NORMAL
2026-01-26 11:59:56,Wi-Fi,0.00026179,0.00031963,NORMAL
2026-01-26 12:00:01,Wi-Fi,0.00158773,0.00301258,NORMAL
2026-01-26 12:00:06,Wi-Fi,0.01220316,0.01194816,NORMAL
2026-01-26 20:43:19,OpenVPN Wintun,0.00000000,0.00000000,NORMAL
2026-01-26 20:43:19,Ethernet 3,0.00000000,0.00000000,NORMAL
2026-01-26 20:43:19,Ethernet 4,0.00000000,0.00000000,NORMAL
2026-01-26 20:43:19,Ethernet 5,0.00000000,0.00000000,NORMAL
2026-01-26 20:43:19,Ethernet 6,0.00000000,0.00000000,NORMAL
2026-01-26 20:43:19,OpenVPN TAP-Windows6,0.00000000,0.00000000,NORMAL
2026-01-26 20:43:19,OpenVPN Data Channel Offload,0.00000000,0.00000000,NORMAL
2026-01-26 20:43:19,Local Area Connection* 1,0.00000000,0.00000000,NORMAL
2026-01-26 20:43:19,Local Area Connection* 2,0.00000000,0.00000000,NORMAL
2026-01-26 20:43:19,Wi-Fi,0.00000000,0.00000000,NORMAL
2026-01-26 20:43:19,Loopback Pseudo-Interface 1,0.00000000,0.00000000,NORMAL
2026-01-26 20:43:24,OpenVPN Wintun,0.00000000,0.00000000,NORMAL
2026-01-26 20:43:24,Ethernet 3,0.00000000,0.00000000,NORMAL
2026-01-26 20:43:24,Ethernet 4,0.00000000,0.00000000,NORMAL
2026-01-26 20:43:24,Ethernet 5,0.00000000,0.00000000,NORMAL
2026-01-26 20:43:24,Ethernet 6,0.00000000,0.00000000,NORMAL
2026-01-26 20:43:24,OpenVPN TAP-Windows6,0.00000000,0.00000000,NORMAL
2026-01-26 20:43:24,OpenVPN Data Channel Offload,0.00000000,0.00000000,NORMAL
2026-01-26 20:43:24,Local Area Connection* 1,0.00000000,0.00000000,NORMAL
2026-01-26 20:43:24,Local Area Connection* 2,0.00000000,0.00000000,NORMAL
2026-01-26 20:43:24,Wi-Fi,0.00253888,0.00242362,NORMAL
2026-01-26 20:43:24,Loopback Pseudo-Interface 1,0.00000000,0.00000000,NORMAL
2026-01-26 20:43:29,Wi-Fi,0.11202210,0.04806439,NORMAL
2026-01-26 20:43:34,Wi-Fi,0.00127886,0.00154130,NORMAL
2026-01-26 20:43:39,Wi-Fi,0.00277004,0.00227880,NORMAL
2026-01-26 20:43:44,Wi-Fi,0.00175233,0.00160074,NORMAL
2026-01-26 20:43:49,Wi-Fi,0.00173808,0.00163495,NORMAL
2026-01-26 20:43:54,Wi-Fi,0.02218417,0.01139769,NORMAL
2026-01-26 20:43:59,Wi-Fi,0.09773967,0.01468287,NORMAL
2026-01-26 20:44:04,Wi-Fi,0.03060918,0.02096371,NORMAL
2026-01-26 20:44:09,Wi-Fi,0.00107576,0.00111976,NORMAL
2026-01-26 20:44:14,Wi-Fi,0.00216123,0.00199288,NORMAL
2026-01-26 20:44:19,Wi-Fi,0.00065221,0.00061884,NORMAL
2026-01-26 20:44:24,Wi-Fi,0.00144869,0.00125756,NORMAL
2026-01-26 20:44:29,Wi-Fi,0.04991403,0.01796705,NORMAL
2026-01-26 20:44:34,Wi-Fi,0.07941301,0.04468063,NORMAL
2026-01-26 20:44:39,Wi-Fi,11.34107232,0.13976015,NORMAL
2026-01-26 20:44:45,Wi-Fi,0.00148648,0.00121497,NORMAL
2026-01-26 20:44:50,Wi-Fi,0.00133187,0.00097387,NORMAL
2026-01-26 20:44:55,Wi-Fi,0.00220223,0.00227048,NORMAL
2026-01-26 20:45:00,Wi-Fi,0.05016048,0.00610121,NORMAL
2026-01-26 20:45:05,Wi-Fi,0.00151227,0.00127565,NORMAL
2026-01-26 20:45:10,Wi-Fi,0.00072175,0.00072781,NORMAL
2026-01-26 20:45:15,Wi-Fi,0.00993721,0.00703671,NORMAL
2026-01-26 20:45:20,Wi-Fi,0.02177824,0.01980351,NORMAL
2026-01-26 20:45:25,Wi-Fi,0.04746838,0.05300759,NORMAL
2026-01-26 20:45:30,Wi-Fi,0.05953840,0.04630343,NORMAL
2026-01-26 20:45:35,Wi-Fi,0.08737397,0.20981883,NORMAL
2026-01-26 20:45:40,Wi-Fi,0.00359007,0.00163750,NORMAL
2026-01-26 20:45:45,Wi-Fi,0.00807229,0.00368603,NORMAL
2026-01-26 20:45:50,Wi-Fi,0.00153386,0.00153841,NORMAL
2026-01-26 20:45:55,Wi-Fi,0.01996096,0.01130777,NORMAL
2026-01-26 20:46:00,Wi-Fi,0.05052976,0.00764596,NORMAL
2026-01-26 20:46:05,Wi-Fi,0.00123715,0.00101731,NORMAL
2026-01-26 20:46:10,Wi-Fi,0.07296100,0.04916522,NORMAL
2026-01-26 20:46:15,Wi-Fi,0.01299842,0.00615276,NORMAL
2026-01-26 20:46:20,Wi-Fi,0.01612678,0.01560642,NORMAL
2026-01-26 20:46:25,Wi-Fi,0.00653763,0.00641628,NORMAL
2026-01-26 21:02:56,OpenVPN Wintun,0.00000000,0.00000000,NORMAL
2026-01-26 21:02:56,Ethernet 3,0.00000000,0.00000000,NORMAL
2026-01-26 21:02:56,Ethernet 4,0.00000000,0.00000000,NORMAL
2026-01-26 21:02:56,Ethernet 5,0.00000000,0.00000000,NORMAL
2026-01-26 21:02:56,Ethernet 6,0.00000000,0.00000000,NORMAL
2026-01-26 21:02:56,OpenVPN TAP-Windows6,0.00000000,0.00000000,NORMAL
2026-01-26 21:02:56,OpenVPN Data Channel Offload,0.00000000,0.00000000,NORMAL
2026-01-26 21:02:56,Local Area Connection* 1,0.00000000,0.00000000,NORMAL
2026-01-26 21:02:56,Local Area Connection* 2,0.00000000,0.00000000,NORMAL
2026-01-26 21:02:56,Wi-Fi,0.00000000,0.00000000,NORMAL
2026-01-26 21:02:56,Loopback Pseudo-Interface 1,0.00000000,0.00000000,NORMAL
2026-01-26 21:03:01,OpenVPN Wintun,0.00000000,0.00000000,NORMAL
2026-01-26 21:03:01,Ethernet 3,0.00000000,0.00000000,NORMAL
2026-01-26 21:03:01,Ethernet 4,0.00000000,0.00000000,NORMAL
2026-01-26 21:03:01,Ethernet 5,0.00000000,0.00000000,NORMAL
2026-01-26 21:03:01,Ethernet 6,0.00000000,0.00000000,NORMAL
2026-01-26 21:03:01,OpenVPN TAP-Windows6,0.00000000,0.00000000,NORMAL
2026-01-26 21:03:01,OpenVPN Data Channel Offload,0.00000000,0.00000000,NORMAL
2026-01-26 21:03:01,Local Area Connection* 1,0.00000000,0.00000000,NORMAL
2026-01-26 21:03:01,Local Area Connection* 2,0.00000000,0.00000000,NORMAL
2026-01-26 21:03:01,Wi-Fi,0.08505201,2.30919265,NORMAL
2026-01-26 21:03:01,Loopback Pseudo-Interface 1,0.00000000,0.00000000,NORMAL
2026-01-26 21:03:06,Wi-Fi,0.07751672,2.65229974,NORMAL
2026-01-26 21:03:11,Wi-Fi,0.08532242,2.44579265,NORMAL
2026-01-26 21:03:16,Wi-Fi,0.03151892,1.62350378,NORMAL
2026-01-26 21:03:21,Wi-Fi,0.02561019,1.26682442,NORMAL
2026-01-26 21:03:26,Wi-Fi,0.05985927,1.48577038,NORMAL
2026-01-26 21:03:31,Wi-Fi,0.06292739,1.81293915,NORMAL
2026-01-26 21:03:36,Wi-Fi,0.10471691,1.98603420,NORMAL
2026-01-26 21:03:41,Wi-Fi,0.07365212,1.99029824,NORMAL
2026-01-26 21:03:46,Wi-Fi,0.10685316,2.52912616,NORMAL
2026-01-26 21:06:40,OpenVPN Wintun,0.00000000,0.00000000,NORMAL
2026-01-26 21:06:40,Ethernet 3,0.00000000,0.00000000,NORMAL
2026-01-26 21:06:40,Ethernet 4,0.00000000,0.00000000,NORMAL
2026-01-26 21:06:40,Ethernet 5,0.00000000,0.00000000,NORMAL
2026-01-26 21:06:40,Ethernet 6,0.00000000,0.00000000,NORMAL
2026-01-26 21:06:40,OpenVPN TAP-Windows6,0.00000000,0.00000000,NORMAL
2026-01-26 21:06:40,OpenVPN Data Channel Offload,0.00000000,0.00000000,NORMAL
2026-01-26 21:06:40,Local Area Connection* 1,0.00000000,0.00000000,NORMAL
2026-01-26 21:06:40,Local Area Connection* 2,0.00000000,0.00000000,NORMAL
2026-01-26 21:06:40,Wi-Fi,0.00000000,0.00000000,NORMAL
2026-01-26 21:06:40,Loopback Pseudo-Interface 1,0.00000000,0.00000000,NORMAL
2026-01-26 21:34:01,OpenVPN Wintun,0.00000000,0.00000000,NORMAL
2026-01-26 21:34:01,Ethernet 3,0.00000000,0.00000000,NORMAL
2026-01-26 21:34:01,Ethernet 4,0.00000000,0.00000000,NORMAL
2026-01-26 21:34:01,Ethernet 5,0.00000000,0.00000000,NORMAL
2026-01-26 21:34:01,Ethernet 6,0.00000000,0.00000000,NORMAL
2026-01-26 21:34:01,OpenVPN TAP-Windows6,0.00000000,0.00000000,NORMAL
2026-01-26 21:34:01,OpenVPN Data Channel Offload,0.00000000,0.00000000,NORMAL
2026-01-26 21:34:01,Local Area Connection* 1,0.00000000,0.00000000,NORMAL
2026-01-26 21:34:01,Local Area Connection* 2,0.00000000,0.00000000,NORMAL
2026-01-26 21:34:01,Wi-Fi,0.00000000,0.00000000,NORMAL
2026-01-26 21:34:01,Loopback Pseudo-Interface 1,0.00000000,0.00000000,NORMAL
2026-01-26 21:34:06,OpenVPN Wintun,0.00000000,0.00000000,NORMAL
2026-01-26 21:34:06,Ethernet 3,0.00000000,0.00000000,NORMAL
2026-01-26 21:34:06,Ethernet 4,0.00000000,0.00000000,NORMAL
2026-01-26 21:34:06,Ethernet 5,0.00000000,0.00000000,NORMAL
2026-01-26 21:34:06,Ethernet 6,0.00000000,0.00000000,NORMAL
2026-01-26 21:34:06,OpenVPN TAP-Windows6,0.00000000,0.00000000,NORMAL
2026-01-26 21:34:06,OpenVPN Data Channel Offload,0.00000000,0.00000000,NORMAL
2026-01-26 21:34:06,Local Area Connection* 1,0.00000000,0.00000000,NORMAL
2026-01-26 21:34:06,Local Area Connection* 2,0.00000000,0.00000000,NORMAL
2026-01-26 21:34:06,Wi-Fi,0.00072679,0.00431230,NORMAL
2026-01-26 21:34:06,Loopback Pseudo-Interface 1,0.00000000,0.00000000,NORMAL
2026-01-26 21:34:11,Wi-Fi,0.00750390,0.00405944,NORMAL
2026-01-26 21:34:16,Wi-Fi,0.00103296,0.00127484,NORMAL
2026-01-26 21:34:21,Wi-Fi,0.00837599,0.01094038,NORMAL
2026-01-26 21:34:26,Wi-Fi,0.00212645,0.00236912,NORMAL
2026-01-26 21:34:31,Wi-Fi,0.06181126,0.01383968,NORMAL
2026-01-26 21:34:36,Wi-Fi,0.00065870,0.00061772,NORMAL
2026-01-26 21:34:41,Wi-Fi,0.00977764,0.00727832,NORMAL
2026-01-26 21:34:46,Wi-Fi,0.00154989,0.00131634,NORMAL
2026-01-26 21:34:51,Wi-Fi,0.00020089,0.00023741,NORMAL
2026-01-26 21:34:56,Wi-Fi,0.00092284,0.00090463,NORMAL
2026-01-26 21:35:01,Wi-Fi,0.03416787,0.00863889,NORMAL
2026-01-26 21:35:06,Wi-Fi,0.00026193,0.00027716,NORMAL
2026-01-26 21:35:11,Wi-Fi,0.00853286,0.00875001,NORMAL
2026-01-26 21:35:16,Wi-Fi,0.01213505,0.00453699,NORMAL
2026-01-26 21:35:21,Wi-Fi,0.00143342,0.00056638,NORMAL
2026-01-26 21:35:26,Wi-Fi,0.00170732,0.00297487,NORMAL
2026-01-26 21:35:31,Wi-Fi,0.06091229,0.01156353,NORMAL
2026-01-26 21:35:37,Wi-Fi,0.00056243,0.00090050,NORMAL
2026-01-26 21:35:42,Wi-Fi,0.00886363,0.00667920,NORMAL
2026-01-26 21:35:47,Wi-Fi,0.00091057,0.00064954,NORMAL
2026-01-26 21:35:52,Wi-Fi,0.18490599,0.19316548,NORMAL
2026-01-26 21:35:57,Wi-Fi,0.71657879,0.35333079,NORMAL
2026-01-26 21:36:02,Wi-Fi,0.54911105,0.12694740,NORMAL
2026-01-26 21:36:07,Wi-Fi,0.16838794,0.08453795,NORMAL
2026-01-26 21:36:12,Wi-Fi,1.10759252,0.07664029,NORMAL
2026-01-26 21:36:17,Wi-Fi,1.34946494,0.05840480,NORMAL
2026-01-26 21:36:22,Wi-Fi,1.17092446,0.03383259,NORMAL
2026-01-26 21:36:27,Wi-Fi,1.66901334,0.03442778,NORMAL
2026-01-26 21:36:32,Wi-Fi,1.72790450,0.04046329,NORMAL
2026-01-26 21:36:37,Wi-Fi,1.64790214,0.02770929,NORMAL
2026-01-26 21:36:42,Wi-Fi,1.71334706,0.02833077,NORMAL
2026-01-26 21:36:47,Wi-Fi,1.55024886,0.02547883,NORMAL
2026-01-26 21:36:52,Wi-Fi,1.63003947,0.02488733,NORMAL
2026-01-26 21:36:57,Wi-Fi,2.34925626,0.03227651,NORMAL
2026-01-26 21:37:02,Wi-Fi,2.28153094,0.04303135,NORMAL
2026-01-26 21:37:07,Wi-Fi,2.61315915,0.03766056,NORMAL
2026-01-26 21:37:12,Wi-Fi,2.27276860,0.03285885,NORMAL
2026-01-26 21:37:17,Wi-Fi,2.88934624,0.03915569,NORMAL
2026-01-26 21:37:22,Wi-Fi,2.32573882,0.03178910,NORMAL
2026-01-26 21:37:27,Wi-Fi,1.99728124,0.03486356,NORMAL
2026-01-26 21:37:32,Wi-Fi,1.83574761,0.03946356,NORMAL
2026-01-26 21:37:37,Wi-Fi,2.01766731,0.02794351,NORMAL
2026-01-26 21:37:42,Wi-Fi,1.73688959,0.02746496,NORMAL
2026-01-26 21:37:47,Wi-Fi,1.34420625,0.03412194,NORMAL
2026-01-26 21:37:52,Wi-Fi,1.41774458,0.02318570,NORMAL
2026-01-26 21:37:57,Wi-Fi,0.88289324,0.02785962,NORMAL
2026-01-26 21:38:02,Wi-Fi,0.96360341,0.02834392,NORMAL
2026-01-26 21:38:07,Wi-Fi,1.33808253,0.03004654,NORMAL
2026-01-26 21:38:12,Wi-Fi,1.75031892,0.02925486,NORMAL
2026-01-26 21:38:17,Wi-Fi,1.25659658,0.02295303,NORMAL
2026-01-26 21:38:22,Wi-Fi,1.30859291,0.02384127,NORMAL
2026-01-26 22:00:26,OpenVPN Wintun,0.00000000,0.00000000,NORMAL
2026-01-26 22:00:26,Ethernet 3,0.00000000,0.00000000,NORMAL
2026-01-26 22:00:26,Ethernet 4,0.00000000,0.00000000,NORMAL
2026-01-26 22:00:26,Ethernet 5,0.00000000,0.00000000,NORMAL
2026-01-26 22:00:26,Ethernet 6,0.00000000,0.00000000,NORMAL
2026-01-26 22:00:26,OpenVPN TAP-Windows6,0.00000000,0.00000000,NORMAL
2026-01-26 22:00:26,OpenVPN Data Channel Offload,0.00000000,0.00000000,NORMAL
2026-01-26 22:00:26,Local Area Connection* 1,0.00000000,0.00000000,NORMAL
2026-01-26 22:00:26,Local Area Connection* 2,0.00000000,0.00000000,NORMAL
2026-01-26 22:00:26,Wi-Fi,0.00000000,0.00000000,NORMAL
2026-01-26 22:00:26,Loopback Pseudo-Interface 1,0.00000000,0.00000000,NORMAL
2026-01-26 22:00:31,OpenVPN Wintun,0.00000000,0.00000000,NORMAL
2026-01-26 22:00:31,Ethernet 3,0.00000000,0.00000000,NORMAL
2026-01-26 22:00:31,Ethernet 4,0.00000000,0.00000000,NORMAL
2026-01-26 22:00:31,Ethernet 5,0.00000000,0.00000000,NORMAL
2026-01-26 22:00:31,Ethernet 6,0.00000000,0.00000000,NORMAL
2026-01-26 22:00:31,OpenVPN TAP-Windows6,0.00000000,0.00000000,NORMAL
2026-01-26 22:00:31,OpenVPN Data Channel Offload,0.00000000,0.00000000,NORMAL
2026-01-26 22:00:31,Local Area Connection* 1,0.00000000,0.00000000,NORMAL
2026-01-26 22:00:31,Local Area Connection* 2,0.00000000,0.00000000,NORMAL
2026-01-26 22:00:31,Wi-Fi,1.47489773,0.07390034,NORMAL
2026-01-26 22:00:31,Loopback Pseudo-Interface 1,0.00000000,0.00000000,NORMAL
2026-01-26 22:00:36,Wi-Fi,1.12517988,0.04208984,NORMAL
2026-01-26 22:00:42,Wi-Fi,1.21456246,0.03454719,NORMAL
2026-01-26 22:00:47,Wi-Fi,1.20224953,0.04061036,NORMAL
2026-01-26 22:00:52,Wi-Fi,1.17264602,0.09339450,NORMAL
2026-01-26 22:00:57,Wi-Fi,1.26813699,0.23700466,NORMAL
2026-01-26 22:01:02,Wi-Fi,1.23297373,0.03739329,NORMAL
2026-01-26 22:01:07,Wi-Fi,1.40621855,0.06798534,NORMAL
2026-01-26 22:01:12,Wi-Fi,1.29632808,0.24341304,NORMAL
2026-01-26 22:01:17,Wi-Fi,1.26055558,0.36296753,NORMAL
2026-01-26 22:01:22,Wi-Fi,1.24724788,0.10756656,NORMAL
2026-01-26 22:01:27,Wi-Fi,0.96872184,0.04369685,NORMAL
2026-01-26 22:01:32,Wi-Fi,1.08705381,0.03793531,NORMAL
2026-01-26 22:01:37,Wi-Fi,1.07202317,0.04587505,NORMAL
2026-01-26 22:01:42,Wi-Fi,1.07374111,0.02702771,NORMAL
2026-01-26 22:01:47,Wi-Fi,0.55294880,0.01748738,NORMAL
2026-01-26 22:01:52,Wi-Fi,0.52936184,0.04977690,NORMAL
2026-01-26 22:01:57,Wi-Fi,0.63386358,0.02959947,NORMAL
2026-01-26 22:02:02,Wi-Fi,1.01666828,0.02960199,NORMAL
2026-01-26 22:02:07,Wi-Fi,1.15022889,0.02812489,NORMAL
2026-01-26 22:02:12,Wi-Fi,0.90339863,0.02264598,NORMAL
2026-01-26 22:02:17,Wi-Fi,0.95296663,0.02690960,NORMAL
2026-01-26 22:02:22,Wi-Fi,0.82899673,0.02119374,NORMAL
2026-01-26 22:02:27,Wi-Fi,0.60083480,0.04668136,NORMAL
2026-01-26 22:02:32,Wi-Fi,0.94650430,0.05023372,NORMAL
2026-01-26 22:02:37,Wi-Fi,1.29376910,0.08819397,NORMAL
2026-01-26 22:02:42,Wi-Fi,1.40647713,0.09916855,NORMAL
2026-01-26 22:02:47,Wi-Fi,1.18329367,0.34091728,NORMAL
2026-01-26 22:02:52,Wi-Fi,1.14001379,0.19996144,NORMAL
2026-01-26 22:02:57,Wi-Fi,1.32502321,0.11062582,NORMAL
2026-01-26 22:03:02,OpenVPN Wintun,0.00000000,0.00000000,NORMAL
2026-01-26 22:03:02,Ethernet 3,0.00000000,0.00000000,NORMAL
2026-01-26 22:03:02,Ethernet 4,0.00000000,0.00000000,NORMAL
2026-01-26 22:03:02,Ethernet 5,0.00000000,0.00000000,NORMAL
2026-01-26 22:03:02,Ethernet 6,0.00000000,0.00000000,NORMAL
2026-01-26 22:03:02,OpenVPN TAP-Windows6,0.00000000,0.00000000,NORMAL
2026-01-26 22:03:02,OpenVPN Data Channel Offload,0.00000000,0.00000000,NORMAL
2026-01-26 22:03:02,Local Area Connection* 1,0.00000000,0.00000000,NORMAL
2026-01-26 22:03:02,Local Area Connection* 2,0.00000000,0.00000000,NORMAL
2026-01-26 22:03:02,Wi-Fi,0.00000000,0.00000000,NORMAL
2026-01-26 22:03:02,Loopback Pseudo-Interface 1,0.00000000,0.00000000,NORMAL
2026-01-26 22:03:02,Wi-Fi,1.40681677,0.03610534,NORMAL
2026-01-26 22:03:07,OpenVPN Wintun,0.00000000,0.00000000,NORMAL
2026-01-26 22:03:07,Ethernet 3,0.00000000,0.00000000,NORMAL
2026-01-26 22:03:07,Ethernet 4,0.00000000,0.00000000,NORMAL
2026-01-26 22:03:07,Ethernet 5,0.00000000,0.00000000,NORMAL
2026-01-26 22:03:07,Ethernet 6,0.00000000,0.00000000,NORMAL
2026-01-26 22:03:07,OpenVPN TAP-Windows6,0.00000000,0.00000000,NORMAL
2026-01-26 22:03:07,OpenVPN Data Channel Offload,0.00000000,0.00000000,NORMAL
2026-01-26 22:03:07,Local Area Connection* 1,0.00000000,0.00000000,NORMAL
2026-01-26 22:03:07,Local Area Connection* 2,0.00000000,0.00000000,NORMAL
2026-01-26 22:03:07,Wi-Fi,1.40092167,0.03173768,NORMAL
2026-01-26 22:03:07,Loopback Pseudo-Interface 1,0.00000000,0.00000000,NORMAL
2026-01-26 22:03:07,Wi-Fi,1.40042559,0.03215474,NORMAL
2026-01-26 22:03:12,Wi-Fi,1.61723559,0.05514668,NORMAL
2026-01-26 22:03:17,Wi-Fi,1.81078804,0.04174403,NORMAL
2026-01-26 22:03:22,Wi-Fi,1.92014846,0.04320976,NORMAL
2026-01-26 22:03:27,Wi-Fi,1.59056930,0.04416119,NORMAL
2026-01-26 22:03:32,Wi-Fi,1.87013285,0.04604218,NORMAL
2026-01-26 22:03:37,Wi-Fi,1.95247622,0.04738785,NORMAL
2026-01-26 22:03:42,Wi-Fi,1.56486655,0.10223288,NORMAL
2026-01-26 22:03:47,Wi-Fi,1.76497442,0.07768792,NORMAL
2026-01-26 22:03:52,Wi-Fi,1.65045202,0.04223861,NORMAL
2026-01-26 22:03:57,Wi-Fi,1.92179103,0.04275891,NORMAL
2026-01-26 22:04:02,Wi-Fi,2.17735192,0.15191724,NORMAL
2026-01-26 22:04:07,Wi-Fi,1.71666922,0.59945304,NORMAL
2026-01-26 22:04:12,Wi-Fi,2.14474832,0.14468012,NORMAL
2026-01-26 22:04:17,Wi-Fi,2.25188288,0.07100416,NORMAL
2026-01-26 22:04:22,Wi-Fi,1.75149848,0.04061558,NORMAL
2026-01-26 22:04:27,Wi-Fi,1.71085421,0.04601815,NORMAL
2026-01-26 22:04:32,Wi-Fi,2.03099465,0.11613586,NORMAL
2026-01-26 22:04:37,Wi-Fi,2.05862188,0.08932179,NORMAL
2026-01-26 22:04:42,Wi-Fi,1.88343159,0.05449054,NORMAL
2026-01-26 22:04:47,Wi-Fi,1.68611026,0.06988025,NORMAL
2026-01-26 22:04:52,Wi-Fi,1.50955373,0.04369228,NORMAL
2026-01-26 22:04:57,Wi-Fi,1.08073201,0.12116517,NORMAL
2026-01-26 22:05:02,Wi-Fi,1.36659099,0.14371388,NORMAL
2026-01-26 22:05:07,Wi-Fi,1.22552322,0.09732258,NORMAL
2026-01-26 22:05:12,Wi-Fi,0.97445981,0.13499207,NORMAL
2026-01-26 22:05:17,Wi-Fi,0.88533360,0.39270068,NORMAL
2026-01-26 22:05:22,Wi-Fi,0.68599845,0.18055619,NORMAL
2026-01-26 22:05:27,Wi-Fi,0.70497094,0.49526641,NORMAL
2026-01-26 22:05:32,Wi-Fi,1.02644142,0.34315247,NORMAL
2026-01-26 22:05:37,Wi-Fi,1.33964374,0.55902664,NORMAL
2026-01-26 22:05:42,Wi-Fi,0.92267869,0.31424176,NORMAL
2026-01-26 22:05:47,Wi-Fi,0.88196259,0.42854365,NORMAL
2026-01-26 22:05:52,Wi-Fi,1.36621639,0.46966757,NORMAL
2026-01-26 22:05:57,Wi-Fi,1.24702852,0.34090874,NORMAL
2026-01-26 22:06:02,Wi-Fi,1.62268141,0.15580424,NORMAL
2026-01-26 22:06:07,Wi-Fi,1.78567122,0.05826153,NORMAL
2026-01-26 22:06:13,Wi-Fi,1.52920241,0.06225263,NORMAL
2026-01-26 22:06:18,Wi-Fi,1.34546215,0.14961690,NORMAL
2026-01-26 22:06:23,Wi-Fi,1.42413582,0.04136124,NORMAL
2026-01-26 22:06:28,Wi-Fi,2.09087129,0.04907831,NORMAL
2026-01-26 22:06:33,Wi-Fi,1.85837186,0.04909401,NORMAL
2026-01-26 22:06:38,Wi-Fi,1.95829016,0.06477632,NORMAL
2026-01-26 22:06:43,Wi-Fi,2.19522777,0.05758025,NORMAL
2026-01-26 22:06:48,Wi-Fi,1.63537123,0.07314071,NORMAL
2026-01-26 22:06:53,Wi-Fi,1.39484938,0.04604320,NORMAL
2026-01-26 22:06:58,Wi-Fi,1.59493187,0.03760698,NORMAL
2026-01-26 22:07:03,Wi-Fi,1.68861868,0.04441998,NORMAL
2026-01-26 22:07:08,Wi-Fi,1.85657044,0.05181815,NORMAL
2026-01-26 22:07:13,Wi-Fi,1.58524909,0.05093042,NORMAL
2026-01-26 22:07:18,Wi-Fi,1.48283802,0.05989984,NORMAL
2026-01-26 22:07:23,Wi-Fi,1.27833568,0.03269292,NORMAL
2026-01-26 22:07:28,Wi-Fi,1.47847411,0.04834840,NORMAL
2026-01-26 22:07:33,Wi-Fi,0.89207983,0.02654212,NORMAL
2026-01-26 22:07:38,Wi-Fi,1.74979351,0.05478143,NORMAL
2026-01-26 22:07:43,Wi-Fi,2.26725693,0.05107148,NORMAL
2026-01-26 22:07:48,Wi-Fi,1.92663337,0.06606830,NORMAL
2026-01-26 22:07:53,Wi-Fi,1.70339552,0.04147316,NORMAL
2026-01-26 22:07:58,Wi-Fi,1.74134294,0.17660668,NORMAL
2026-01-26 22:08:03,Wi-Fi,1.21705990,0.03602740,NORMAL
2026-01-26 22:08:08,Wi-Fi,1.33198789,0.05885604,NORMAL
2026-01-26 22:08:13,Wi-Fi,1.01863493,0.06220139,NORMAL
2026-01-26 22:08:18,Wi-Fi,0.95879447,0.05490941,NORMAL
2026-01-26 22:08:23,Wi-Fi,1.30520202,0.05183023,NORMAL
2026-01-26 22:08:28,Wi-Fi,1.13668438,0.05450706,NORMAL
2026-01-26 22:08:33,Wi-Fi,0.99900941,0.05992306,NORMAL
2026-01-26 22:08:38,Wi-Fi,1.48299777,0.06000944,NORMAL
2026-01-26 22:08:43,Wi-Fi,1.46141965,0.11076815,NORMAL
2026-01-26 22:08:48,Wi-Fi,1.09972702,0.04559582,NORMAL
2026-01-26 22:08:53,Wi-Fi,1.00465787,0.03359457,NORMAL
2026-01-26 22:08:58,Wi-Fi,1.23564989,0.03930643,NORMAL
2026-01-26 22:09:03,Wi-Fi,1.59058678,0.03734956,NORMAL
2026-01-26 22:09:08,Wi-Fi,2.00579812,0.04674627,NORMAL
2026-01-26 22:09:13,Wi-Fi,1.21850116,0.03500880,NORMAL
2026-01-26 22:09:18,Wi-Fi,1.16732818,0.04933170,NORMAL
2026-01-26 22:09:23,Wi-Fi,1.24242784,0.03309027,NORMAL
2026-01-26 22:09:28,Wi-Fi,1.18748176,0.03856564,NORMAL
2026-01-26 22:09:33,Wi-Fi,1.20022521,0.03620257,NORMAL
2026-01-26 22:09:38,Wi-Fi,1.30517841,0.03709389,NORMAL
2026-01-26 22:09:43,Wi-Fi,1.12161799,0.03630636,NORMAL
2026-01-26 22:09:48,Wi-Fi,1.00693939,0.06793298,NORMAL
2026-01-26 22:09:53,Wi-Fi,0.90347829,0.03498768,NORMAL
2026-01-26 22:09:58,Wi-Fi,1.11879072,0.09464417,NORMAL
2026-01-26 22:10:03,Wi-Fi,1.03495372,0.10664385,NORMAL
2026-01-26 22:10:04,OpenVPN Wintun,0.00000000,0.00000000,NORMAL
2026-01-26 22:10:04,Ethernet 3,0.00000000,0.00000000,NORMAL
2026-01-26 22:10:04,Ethernet 4,0.00000000,0.00000000,NORMAL
2026-01-26 22:10:04,Ethernet 5,0.00000000,0.00000000,NORMAL
2026-01-26 22:10:04,Ethernet 6,0.00000000,0.00000000,NORMAL
2026-01-26 22:10:04,OpenVPN TAP-Windows6,0.00000000,0.00000000,NORMAL
2026-01-26 22:10:04,OpenVPN Data Channel Offload,0.00000000,0.00000000,NORMAL
2026-01-26 22:10:04,Local Area Connection* 1,0.00000000,0.00000000,NORMAL
2026-01-26 22:10:04,Local Area Connection* 2,0.00000000,0.00000000,NORMAL
2026-01-26 22:10:04,Wi-Fi,0.00000000,0.00000000,NORMAL
2026-01-26 22:10:04,Loopback Pseudo-Interface 1,0.00000000,0.00000000,NORMAL
2026-01-26 22:10:08,Wi-Fi,1.29146058,0.09562989,NORMAL
2026-01-26 22:10:09,OpenVPN Wintun,0.00000000,0.00000000,NORMAL
2026-01-26 22:10:09,Ethernet 3,0.00000000,0.00000000,NORMAL
2026-01-26 22:10:09,Ethernet 4,0.00000000,0.00000000,NORMAL
2026-01-26 22:10:09,Ethernet 5,0.00000000,0.00000000,NORMAL
2026-01-26 22:10:09,Ethernet 6,0.00000000,0.00000000,NORMAL
2026-01-26 22:10:09,OpenVPN TAP-Windows6,0.00000000,0.00000000,NORMAL
2026-01-26 22:10:09,OpenVPN Data Channel Offload,0.00000000,0.00000000,NORMAL
2026-01-26 22:10:09,Local Area Connection* 1,0.00000000,0.00000000,NORMAL
2026-01-26 22:10:09,Local Area Connection* 2,0.00000000,0.00000000,NORMAL
2026-01-26 22:10:09,Wi-Fi,1.22376489,0.09583613,ANOMALY_INBOUND
2026-01-26 22:10:13,Wi-Fi,0.99857929,0.06202988,NORMAL
2026-01-26 22:10:09,Loopback Pseudo-Interface 1,0.00000000,0.00000000,NORMAL
2026-01-26 22:10:18,Wi-Fi,1.41830710,0.05505426,NORMAL
2026-01-26 22:10:22,Wi-Fi,1.21908832,0.05186801,ANOMALY_INBOUND
2026-01-26 22:10:24,Wi-Fi,1.09444656,0.02985098,NORMAL
2026-01-26 22:10:27,Wi-Fi,1.06784752,0.02967209,ANOMALY_INBOUND
2026-01-26 22:10:29,Wi-Fi,1.11882463,0.02912588,NORMAL
2026-01-26 22:10:32,Wi-Fi,0.98898128,0.02521864,NORMAL
2026-01-26 22:10:34,Wi-Fi,1.05093574,0.02625287,NORMAL
2026-01-26 22:10:37,Wi-Fi,1.44183233,0.03171638,ANOMALY_INBOUND
2026-01-26 22:10:39,Wi-Fi,1.32811999,0.03073133,NORMAL
2026-01-26 22:10:42,Wi-Fi,1.20096091,0.03822245,ANOMALY_INBOUND
2026-01-26 22:10:44,Wi-Fi,1.22976380,0.04103452,NORMAL
2026-01-26 22:10:49,Wi-Fi,1.00466131,0.03077376,NORMAL
2026-01-26 22:10:54,Wi-Fi,0.79835094,0.18442540,NORMAL
2026-01-26 22:10:59,Wi-Fi,0.90881171,0.48722100,NORMAL
2026-01-26 22:11:04,Wi-Fi,0.87715318,0.51060157,NORMAL
2026-01-26 22:11:09,Wi-Fi,0.81802575,0.36613972,NORMAL
2026-01-26 22:11:14,Wi-Fi,0.86945819,0.15582219,NORMAL
2026-01-26 22:11:19,Wi-Fi,0.92107530,0.40715518,NORMAL
2026-01-26 22:11:24,Wi-Fi,0.93841856,0.61006057,NORMAL
2026-01-26 22:11:26,OpenVPN Wintun,0.00000000,0.00000000,NORMAL
2026-01-26 22:11:26,Ethernet 3,0.00000000,0.00000000,NORMAL
2026-01-26 22:11:26,Ethernet 4,0.00000000,0.00000000,NORMAL
2026-01-26 22:11:26,Ethernet 5,0.00000000,0.00000000,NORMAL
2026-01-26 22:11:26,Ethernet 6,0.00000000,0.00000000,NORMAL
2026-01-26 22:11:26,OpenVPN TAP-Windows6,0.00000000,0.00000000,NORMAL
2026-01-26 22:11:26,OpenVPN Data Channel Offload,0.00000000,0.00000000,NORMAL
2026-01-26 22:11:26,Local Area Connection* 1,0.00000000,0.00000000,NORMAL
2026-01-26 22:11:26,Local Area Connection* 2,0.00000000,0.00000000,NORMAL
2026-01-26 22:11:26,Wi-Fi,0.00000000,0.00000000,NORMAL
2026-01-26 22:11:26,Loopback Pseudo-Interface 1,0.00000000,0.00000000,NORMAL
2026-01-26 22:11:29,Wi-Fi,0.68618634,0.43923505,NORMAL
2026-01-26 22:11:31,OpenVPN Wintun,0.00000000,0.00000000,NORMAL
2026-01-26 22:11:31,Ethernet 3,0.00000000,0.00000000,NORMAL
2026-01-26 22:11:31,Ethernet 4,0.00000000,0.00000000,NORMAL
2026-01-26 22:11:31,Ethernet 5,0.00000000,0.00000000,NORMAL
2026-01-26 22:11:31,Ethernet 6,0.00000000,0.00000000,NORMAL
2026-01-26 22:11:31,OpenVPN TAP-Windows6,0.00000000,0.00000000,NORMAL
2026-01-26 22:11:31,OpenVPN Data Channel Offload,0.00000000,0.00000000,NORMAL
2026-01-26 22:11:31,Local Area Connection* 1,0.00000000,0.00000000,NORMAL
2026-01-26 22:11:31,Local Area Connection* 2,0.00000000,0.00000000,NORMAL
2026-01-26 22:11:31,Wi-Fi,0.57863432,0.54393559,NORMAL
2026-01-26 22:11:31,Loopback Pseudo-Interface 1,0.00000000,0.00000000,NORMAL
2026-01-26 22:11:34,Wi-Fi,0.73092404,0.53597486,NORMAL
2026-01-26 22:11:36,Wi-Fi,0.80593608,0.26030637,NORMAL
2026-01-26 22:11:39,Wi-Fi,0.93765364,0.59040885,NORMAL
2026-01-26 22:11:41,Wi-Fi,0.98524265,0.60513617,NORMAL
2026-01-26 22:11:44,Wi-Fi,0.84406004,0.28846225,NORMAL
2026-01-26 22:11:47,Wi-Fi,0.96619580,0.78953913,NORMAL
2026-01-26 22:11:49,Wi-Fi,1.08047230,0.78265160,NORMAL
2026-01-26 22:11:52,Wi-Fi,1.12362202,0.46518060,NORMAL
2026-01-26 22:11:54,Wi-Fi,1.19801837,0.43833097,NORMAL
2026-01-26 22:11:57,Wi-Fi,1.00968415,0.62981303,NORMAL
2026-01-26 22:11:59,Wi-Fi,0.89714335,1.02784202,NORMAL
2026-01-26 22:12:02,Wi-Fi,0.78645170,0.79767193,NORMAL
2026-01-26 22:12:04,Wi-Fi,0.60918890,0.46441995,NORMAL
2026-01-26 22:12:07,Wi-Fi,0.73760615,0.45425964,NORMAL
2026-01-26 22:12:09,Wi-Fi,0.81487653,0.61399131,NORMAL
2026-01-26 22:12:12,Wi-Fi,0.76656796,0.47350588,NORMAL
2026-01-26 22:12:14,Wi-Fi,0.78670781,0.57363471,NORMAL
2026-01-26 22:12:17,Wi-Fi,0.69462156,0.88943446,NORMAL
2026-01-26 22:12:19,Wi-Fi,0.72544908,0.62258303,NORMAL
2026-01-26 22:12:22,Wi-Fi,0.84423974,0.34188900,NORMAL
2026-01-26 22:12:24,Wi-Fi,0.82572340,0.53014270,NORMAL
2026-01-26 22:12:27,Wi-Fi,0.69898259,0.67255020,NORMAL
2026-01-26 22:12:29,Wi-Fi,0.65502495,0.50102346,NORMAL
2026-01-26 22:12:32,Wi-Fi,0.76065363,0.35939205,NORMAL
2026-01-26 22:12:34,Wi-Fi,0.97449669,0.55517941,NORMAL
2026-01-26 22:12:37,Wi-Fi,1.21229478,0.55362837,NORMAL
2026-01-26 22:12:39,Wi-Fi,1.20491030,0.55882087,NORMAL
2026-01-26 22:12:42,Wi-Fi,1.08950126,1.02479952,NORMAL
2026-01-26 22:12:44,Wi-Fi,1.03238750,0.79165354,NORMAL
2026-01-26 22:12:47,Wi-Fi,1.10825926,0.29446629,NORMAL
2026-01-26 22:12:49,Wi-Fi,1.15088067,0.92445370,NORMAL
2026-01-26 22:12:52,Wi-Fi,0.99524407,0.92360085,NORMAL
2026-01-26 22:12:54,Wi-Fi,0.91306326,0.25191345,NORMAL
2026-01-26 22:12:57,Wi-Fi,0.83509758,0.34581649,NORMAL
2026-01-26 22:12:59,Wi-Fi,0.71864897,0.79687592,NORMAL
2026-01-26 22:13:02,Wi-Fi,0.72393516,1.02179441,NORMAL
2026-01-26 22:13:04,Wi-Fi,0.72939765,0.58825647,NORMAL
2026-01-26 22:13:09,Wi-Fi,0.79274597,0.92059995,NORMAL
2026-01-26 22:13:14,Wi-Fi,0.79151750,0.25498082,NORMAL
2026-01-26 22:13:19,Wi-Fi,0.79001598,0.48109622,NORMAL
2026-01-26 22:17:44,OpenVPN Wintun,0.00000000,0.00000000,NORMAL
2026-01-26 22:17:44,Ethernet 3,0.00000000,0.00000000,NORMAL
2026-01-26 22:17:44,Ethernet 4,0.00000000,0.00000000,NORMAL
2026-01-26 22:17:44,Ethernet 5,0.00000000,0.00000000,NORMAL
2026-01-26 22:17:44,Ethernet 6,0.00000000,0.00000000,NORMAL
2026-01-26 22:17:44,OpenVPN TAP-Windows6,0.00000000,0.00000000,NORMAL
2026-01-26 22:17:44,OpenVPN Data Channel Offload,0.00000000,0.00000000,NORMAL
2026-01-26 22:17:44,Local Area Connection* 1,0.00000000,0.00000000,NORMAL
2026-01-26 22:17:44,Local Area Connection* 2,0.00000000,0.00000000,NORMAL
2026-01-26 22:17:44,Wi-Fi,0.00000000,0.00000000,NORMAL
2026-01-26 22:17:44,Loopback Pseudo-Interface 1,0.00000000,0.00000000,NORMAL
2026-01-26 22:17:49,OpenVPN Wintun,0.00000000,0.00000000,NORMAL
2026-01-26 22:17:49,Ethernet 3,0.00000000,0.00000000,NORMAL
2026-01-26 22:17:49,Ethernet 4,0.00000000,0.00000000,NORMAL
2026-01-26 22:17:49,Ethernet 5,0.00000000,0.00000000,NORMAL
2026-01-26 22:17:49,Ethernet 6,0.00000000,0.00000000,NORMAL
2026-01-26 22:17:49,OpenVPN TAP-Windows6,0.00000000,0.00000000,NORMAL
2026-01-26 22:17:49,OpenVPN Data Channel Offload,0.00000000,0.00000000,NORMAL
2026-01-26 22:17:49,Local Area Connection* 1,0.00000000,0.00000000,NORMAL
2026-01-26 22:17:49,Local Area Connection* 2,0.00000000,0.00000000,NORMAL
2026-01-26 22:17:49,Wi-Fi,0.77423652,0.03673157,NORMAL
2026-01-26 22:17:49,Loopback Pseudo-Interface 1,0.00000000,0.00000000,NORMAL
2026-01-26 22:17:54,Wi-Fi,0.73695191,0.22262906,NORMAL
2026-01-26 22:17:59,Wi-Fi,0.59468240,0.24105163,NORMAL
2026-01-26 22:18:04,Wi-Fi,0.81100080,0.49537735,NORMAL
2026-01-26 22:18:09,Wi-Fi,0.91675963,0.32878929,NORMAL
2026-01-26 22:18:14,Wi-Fi,0.67762187,0.34778546,NORMAL
2026-01-26 22:18:19,Wi-Fi,0.89615402,0.40180236,NORMAL
2026-01-26 22:18:24,Wi-Fi,0.95620720,0.17117554,NORMAL
2026-01-26 22:18:29,Wi-Fi,1.25670330,0.64424684,NORMAL
2026-01-26 22:18:34,Wi-Fi,1.58872351,0.52923604,NORMAL
2026-01-26 22:18:39,Wi-Fi,1.54333697,0.26648038,NORMAL
2026-01-26 22:18:44,Wi-Fi,1.57350292,0.71541977,NORMAL
2026-01-26 22:18:49,Wi-Fi,1.20477785,0.32426394,NORMAL
